"Check out the series of the category %s","Check out the series of the category %s"
"Contact Info","Contact Info"
"contact turbo surprises, exchange surprises, search turbo surprises","contact turbo surprises, exchange surprises, search turbo surprises"
"Contact Us","Contact Us"
"Contact us :: Suprirze Turbo","Contact us :: Suprirze Turbo"
"Contact us at the largest protal for Turbo surprises fans.","Contact us at the largest protal for Turbo surprises fans."
"Could not configure language","Could not configure language"
"Get In Touch","Get In Touch"
"Mobile","Mobile"
"Not found","Not found"
"Subject","Subject"
"Surprise Categories","Surprise Categories"
"Surprize Turbo: Comunity of Turbo Surprises fans","Surprize Turbo: Comunity of Turbo Surprises fans"
"Surprize Turbo: Not Found","Surprize Turbo: Not Found"
"Surprize Turbo: %s Category","Surprize Turbo: %s Category"
"The largest protal for Turbo surprises fans.","The largest protal for Turbo surprises fans."
"The message was sent. Thank you.","The message was sent. Thank you."
"The page does not exist.","The page does not exist."
"turbo surprises, exchange surprises, search turbo surprises","turbo surprises, exchange surprises, search turbo surprises"
"turbo surprises, not found","turbo surprises, not found"
"Your Message","Your Message"